,0 Present day longitude (degrees),1 Present day latitude (degrees),2 Reconstructed longitude (degrees),3 Reconstructed latitude (degrees),4 Age (Ma),5 Time before mineralisation (Myr),6 Seafloor age (Myr),7 Segment length (km),8 Slab length (km),9 Distance to trench edge (km),10 Subducting plate normal velocity (km/Myr),11 Subducting plate parallel velocity (km/Myr),12 Overriding plate normal velocity (km/Myr),13 Overriding plate parallel velocity (km/Myr),14 Convergence normal rate (km/Myr),15 Convergence parallel rate (km/Myr),16 Subduction polarity (degrees),17 Subduction obliquity (degrees),18 Distance along margin (km),19 Subduction obliquity signed (radians),20 Ore Deposits Binary Flag (1 or 0)
0,-75.54534777777778,-43.888934444444445,-74.8226823546833,-44.44988136401274,0.0,4.5,16.069896991805752,55.11844777777778,434.6919165555555,434.6919165555555,76.99367691358026,33.54743580246913,-13.499223209876543,12.894516790123456,89.98693135802469,21.078763209876545,3.6328372222222227,14.106513333333334,274.58156999999994,0.22892849248092884,0.0
1,-75.54534777777778,-43.888934444444445,-72.94950338786258,-45.74056064233734,0.0,14.5,25.395782095457783,55.16697222222223,884.035606888889,884.035606888889,94.90700644444443,41.22608544444444,-17.767812,13.955702777777777,111.22711255555555,29.582062,3.4648494444444444,15.810291444444445,274.58156999999994,0.25207581764762255,0.0
2,-75.54534777777778,-43.888934444444445,-70.3943287041787,-47.1688541353732,0.0,24.5,34.92816777070414,55.183796333333326,884.1088001111111,884.1088001111111,61.48336677777778,49.428014777777776,-21.33263611111111,14.664537444444443,77.17595611111112,33.41897111111111,2.7673754444444443,25.980084111111108,274.58156999999994,0.4475220357100776,0.0
3,-75.54534777777778,-43.888934444444445,-67.4499598260183,-48.05970498360275,0.0,34.5,32.28455147737343,55.18341922222222,883.649456111111,883.649456111111,1.892475000000004,31.44311511111112,-22.43473722222222,2.594607555555556,15.894876888888891,19.875615111111113,1.7547078888888887,39.02216122222222,274.58156999999994,-0.15605568079120455,0.0
4,-75.54534777777778,-43.888934444444445,-64.98690317784778,-48.925739041792596,0.0,44.5,25.68938896564441,59.27740688888889,1837.7501292222223,1837.7501292222223,17.554548666666665,34.02046877777778,-13.491631000000002,15.956121444444445,18.705016333333333,1.9328551111111114,1.9709785555555555,20.867063777777776,274.58156999999994,0.2125527056950874,0.0
5,-75.54534777777778,-43.888934444444445,-63.24384966363094,-48.259458350255635,0.0,54.5,19.40546163320858,57.610093555555544,1223.684489222222,1185.6935616666665,-17.333107000000002,-36.58467866666667,-11.592231777777778,-30.68193911111111,-12.864260888888888,-28.68724388888889,4.619602333333333,59.418329777777785,274.58156999999994,0.2644915689792039,0.0
6,-75.54534777777778,-43.888934444444445,-61.152865796328285,-46.37744314134269,0.0,64.5,9.285400304789809,60.56449133333335,832.8955206666667,105.39077833333336,-20.208713777777778,6.2735233333333325,-18.673909555555557,-9.57420011111111,-5.1182615555555575,1.1497905555555548,7.613209555555555,28.639643999999997,274.58156999999994,-0.04044397003187895,0.0
7,-75.54534777777778,-43.888934444444445,-56.5397457627965,-46.758245399955825,0.0,74.5,8.230890702860055,63.653002,1541.13308,95.99970011111111,-12.252618444444446,7.47840711111111,-45.12935522222222,4.572173111111111,31.189522888888888,-1.3276512222222219,6.085503,26.05733722222222,274.58156999999994,-0.3267305731342759,0.0
8,-75.54534777777778,-43.888934444444445,-50.141052462507815,-47.72760488300215,0.0,84.5,15.374947637221553,59.197480888888876,1373.1613962222223,756.4055275555554,-6.628940666666665,56.547830555555535,-54.70765188888889,10.606736555555555,31.299650222222226,53.669740888888896,3.4898562222222225,57.81184355555556,274.58156999999994,0.10524917701992367,0.0
9,-75.54534777777778,-43.888934444444445,-43.5807029479963,-48.75672147818233,0.0,94.5,14.175755861184253,56.96777977777778,1103.4359313333334,475.9690864444445,49.78982633333334,171.93218577777776,-37.40013288888888,6.301165222222222,27.75208144444444,213.44058811111114,-0.5435583333333331,80.11645466666667,274.58156999999994,0.6692079867058427,0.0
10,-75.54534777777778,-43.888934444444445,-39.53883259887991,-49.7042089084501,0.0,104.5,20.043813194522663,55.8820071111111,537.4631816666666,66.06494722222223,58.654734999999995,30.818589222222226,-23.024577,17.102906555555556,72.513206,54.60949900000001,-0.6601781111111109,37.49800211111111,274.58156999999994,0.6544636124856413,1.0
11,-75.54534777777778,-43.888934444444445,-37.05930490967993,-50.147290819328475,0.0,114.5,18.563726917910106,55.64499666666667,724.9319433333334,71.45723822222223,23.649583333333336,-5.764989111111111,-6.534192666666668,-12.39805088888889,24.79177822222222,22.005958666666668,1.9435704444444446,46.89192555555555,274.58156999999994,0.13140718398688675,0.0
12,-75.54534777777778,-43.888934444444445,-37.87718387724415,-49.961163720444034,0.0,124.5,42.553332762104795,55.63726533333333,836.4455148888889,568.5204257777777,152.08801,7.756115222222222,-0.8678296666666672,17.564252777777778,120.74820622222224,137.05753855555557,3.9722840000000006,49.481950888888896,274.58156999999994,0.8636229632933727,0.0
13,-75.54534777777778,-43.888934444444445,-42.14973380908851,-50.47079720823313,0.0,134.5,50.32796460097783,59.65354844444444,883.5806582222222,86.82431299999999,115.90447944444445,5.385333444444444,31.308580555555558,1.6573343333333341,51.546273444444445,100.74853633333332,8.421251000000002,63.10505966666667,274.58156999999994,1.101391067623894,0.0
14,-75.54534777777778,-43.888934444444445,-46.03868212360808,-50.19074039789936,0.0,144.5,52.26845427160863,61.46475711111111,1087.8244798888886,80.15907722222221,83.10664588888889,-12.795193888888889,2.7405707777777772,10.144619555555556,76.41742677777776,45.95689666666666,12.473778444444442,31.668012111111118,274.58156999999994,0.5527110612888481,0.0
15,-75.54534777777778,-43.888934444444445,-46.59545127285705,-49.537673078602865,0.0,154.5,53.254487008856486,59.345218333333335,943.2059933333334,69.83218166666667,79.53733266666667,-15.791316888888892,11.096020333333332,-23.884265444444445,54.96491900000001,52.99273022222222,11.315422333333334,45.89948477777777,274.58156999999994,0.801097134541379,0.0
16,-75.54534777777778,-43.888934444444445,-47.11042932395563,-46.90157839684631,0.0,164.5,45.190049136826,57.48379911111111,856.3487276666667,76.86575533333333,56.73639055555556,-13.737879222222222,1.4465475555555556,-27.31993611111111,38.997374444444446,49.63826822222222,12.529758333333332,52.27255722222221,274.58156999999994,0.9123282198995046,0.0
17,-74.88115888888889,-39.44191777777778,-74.15579514380264,-40.002601409710635,0.0,4.5,22.89804524631804,55.596747777777786,934.7244644444445,934.7244644444445,76.27307716049383,39.29021530864198,-15.374734938271606,11.98812197530864,91.19259111111108,27.694583580246913,7.339797111111112,16.89099913580247,774.4020366666666,0.2948035355036382,0.0
18,-74.88115888888889,-39.44191777777778,-72.29460140774304,-41.291247451528854,0.0,14.5,36.28428436046879,55.71695822222223,1384.5823505555556,1384.5823505555556,93.46740466666667,47.750358222222225,-19.726708888888886,12.882662888888888,111.92923599999999,37.101686666666666,6.809610222222223,17.98360688888889,774.4020366666666,0.31387314530402294,0.0
19,-74.88115888888889,-39.44191777777778,-69.79565348065942,-42.714415123288816,0.0,24.5,43.39461091756258,55.802966000000005,1385.4161757777777,1385.4161757777777,62.97455666666666,53.87003844444445,-23.462724555555553,13.345635555555555,81.35811677777778,38.797778,6.1834266666666675,27.277896000000005,774.4020366666666,0.4760891057929758,0.0
20,-74.88115888888889,-39.44191777777778,-66.94720283993652,-43.598921065234364,0.0,34.5,39.67084641750205,55.87719555555556,1385.6147008888888,1385.6147008888888,6.5398273333333306,31.811272888888887,-23.804229555555555,1.1038053333333333,22.76709577777778,21.108693666666664,5.2714609999999995,56.684304777777776,774.4020366666666,0.21034378189360817,0.0
21,-74.88115888888889,-39.44191777777778,-64.4583742568055,-44.465954386369596,0.0,44.5,32.089282662154304,60.09672233333333,2333.8246547777776,2333.8246547777776,23.85626444444444,35.46661999999999,-16.937005444444445,15.082659333333334,29.814492777777776,3.3017882222222226,5.6403331111111115,24.016487,774.4020366666666,0.13405436142489552,0.0
22,-74.88115888888889,-39.44191777777778,-62.43254262009462,-43.821167796320296,0.0,54.5,22.676333043384023,57.850230444444435,1684.068711777778,1684.068711777778,-8.89606877777778,-37.55378044444444,-13.634577222222225,-31.763471555555547,-1.0581739999999993,-29.701341333333335,8.216002222222224,60.55822877777778,774.4020366666666,-0.5639649818994341,0.0
23,-74.88115888888889,-39.44191777777778,-60.1285418077873,-41.96347627640147,0.0,64.5,14.720639020960965,55.365172222222235,532.3665218888889,532.3665218888889,-32.08197011111112,17.505443777777778,-20.607434777777776,-10.893387777777779,-16.60539111111111,5.034116777777777,10.453165888888886,42.49315411111112,774.4020366666666,-0.16045063042337712,0.0
24,-74.88115888888889,-39.44191777777778,-55.60199432157871,-42.333941449395425,0.0,74.5,10.99634002382702,55.39716666666667,284.4809535555556,261.6029505555556,-52.90118388888889,40.64506977777778,-47.63728755555555,1.313921,-12.853779111111113,10.75577322222222,9.55844,56.957374,774.4020366666666,-0.0793872212446379,0.0
25,-74.88115888888889,-39.44191777777778,-49.45795918354909,-43.27969097322199,0.0,84.5,11.439338462732817,56.43686555555556,1212.8338277777775,791.0474857777778,-28.556999777777783,70.80910855555555,-56.905214888888885,6.682226,9.526346666666665,59.662330555555556,7.087858222222222,35.661200111111114,774.4020366666666,0.47549654887917614,0.0
26,-74.88115888888889,-39.44191777777778,-43.2969130283984,-44.286749018282755,0.0,94.5,16.07924413689858,56.6814528888889,1071.527515222222,267.7488415555556,15.02962888888889,185.21912600000002,-38.89358877777778,3.5497864444444445,-4.323826222222221,207.74521166666665,3.5558859999999997,80.737944,774.4020366666666,-0.016844741765103442,0.0
27,-74.88115888888889,-39.44191777777778,-39.23650057283387,-45.23483042138106,0.0,104.5,27.361558387861436,55.62006766666667,446.0575442222222,446.0575442222222,46.95908211111111,65.42794866666665,-28.518105000000002,15.475862555555556,55.01902311111112,44.09048355555556,3.3330539999999997,38.59553955555556,774.4020366666666,0.6736192337022666,0.0
28,-74.88115888888889,-39.44191777777778,-36.533403005455035,-45.686843290563004,0.0,114.5,23.112929615373936,55.58834522222222,328.7883237777778,328.7883237777778,16.13142388888889,17.414796444444445,-7.7199574444444465,-12.950771444444445,16.494197666666665,-24.411446,5.540660444444444,51.37393433333333,774.4020366666666,0.8274657605788327,0.0
29,-74.88115888888889,-39.44191777777778,-37.11707999436784,-45.51600319847973,0.0,124.5,35.65983949028313,55.86678122222222,1002.6299617777779,1002.6299617777779,136.3219672222222,21.29379811111111,-2.331737444444445,17.593961777777782,99.45614955555554,142.1812901111111,7.589375222222223,55.08356066666666,774.4020366666666,0.961389496369967,0.0
30,-74.88115888888889,-39.44191777777778,-40.87965347375409,-46.079096454708164,0.0,134.5,41.6518823520296,55.75447133333334,446.90155744444445,446.90155744444445,102.11404944444443,13.90125888888889,30.90452311111111,4.060511555555554,34.00272366666667,104.94042611111111,11.729824666666666,72.31854733333334,774.4020366666666,1.2621967619999093,0.0
31,-74.88115888888889,-39.44191777777778,-44.46489421488407,-45.841561641327715,0.0,144.5,41.89304948161215,55.69347455555554,445.96955922222224,445.96955922222224,79.50570188888891,-8.491987555555555,3.813673333333334,10.355640222222222,68.73313777777778,50.22080866666666,14.36045288888889,36.90641755555556,774.4020366666666,0.6441385099155628,0.0
32,-74.88115888888889,-39.44191777777778,-45.070345266169376,-45.18380796157415,0.0,154.5,42.79564477896146,55.423122,444.5274441111111,444.5274441111111,76.45771777777779,-10.11023811111111,12.082043333333335,-23.16037155555556,48.806918666666675,57.08977666666667,14.34784511111111,51.299343,774.4020366666666,0.8953424406942514,0.0
33,-74.88115888888889,-39.44191777777778,-45.5086293889306,-42.57360605256413,0.0,164.5,34.702083678231745,55.61843777777777,445.96901966666667,442.2450925555556,54.44578177777778,-9.501036888888889,3.169883111111111,-27.276578666666666,33.16516711111112,52.66506911111111,15.78983288888889,58.18528777777777,774.4020366666666,1.015524841553497,0.0
34,-73.60239333333332,-35.12947111111111,-72.87127298075544,-35.68941566795013,0.0,4.5,32.06096757461249,54.600408444444454,1430.0231554444445,1430.0231554444445,67.01714790123457,54.93265728395062,-18.387646172839503,8.351191975308641,84.96145753086418,46.87679962962963,18.971193222222226,28.89890641975309,1269.5488677777778,0.5043810713101419,1.0
35,-73.60239333333332,-35.12947111111111,-71.01192954127143,-36.973567584664366,0.0,14.5,45.30698089222099,54.59954044444446,1880.6217834444444,1880.6217834444444,80.63430600000001,67.59981933333333,-22.93927055555556,8.062284777777776,102.18709577777778,61.47797200000001,18.990168666666666,30.70830022222222,1269.5488677777778,0.5359609372902433,0.0
36,-73.60239333333332,-35.12947111111111,-68.55045936036677,-38.38581903892165,0.0,24.5,51.418050415760284,54.62065866666667,1881.9209531111112,1881.9209531111112,53.36312477777777,67.20533077777779,-26.75643622222222,7.668978777777779,76.08105333333333,56.775828222222216,18.36539166666667,38.08419122222223,1269.5488677777778,0.664694523243161,0.0
37,-73.60239333333332,-35.12947111111111,-65.77596998411602,-39.25607331962827,0.0,34.5,46.36317104501279,54.69858511111111,1882.8357603333334,1882.8357603333334,5.892078222222225,33.33344144444443,-24.380744555555555,-4.367979222222222,25.375597888888883,26.67042822222222,17.492432,45.65358133333333,1269.5488677777778,0.7968052844846067,0.0
38,-73.60239333333332,-35.12947111111111,-63.258205418287744,-40.12500925806092,0.0,44.5,37.8494291601542,58.79402833333334,2832.1642272222225,2832.1642272222225,24.245081444444445,40.69128566666667,-21.951913222222224,10.863218666666665,39.510974999999995,10.785848222222223,17.35506411111111,24.824054555555556,1269.5488677777778,0.2629906974154051,1.0
39,-73.60239333333332,-35.12947111111111,-60.99982864550425,-39.52214185751427,0.0,54.5,27.44175985370935,56.47242788888889,2176.8404450000007,2176.8404450000007,6.057804444444444,-38.05745477777778,-10.691691555555554,-34.41223533333333,15.965494777777781,-28.303571111111108,19.61170711111111,48.06455833333334,1269.5488677777778,-0.3554962828834748,0.0
40,-73.60239333333332,-35.12947111111111,-58.52878274368703,-37.706117410264255,0.0,64.5,19.725869266007784,54.100001666666664,1037.4125584444444,1037.4125584444444,-29.34346966666667,10.882312555555556,-20.076956111111112,-15.252527444444448,-9.098116666666666,2.2036071111111113,21.638707222222223,56.401114222222226,1269.5488677777778,0.022243391758374066,0.0
41,-73.60239333333332,-35.12947111111111,-54.073130337474524,-38.05976105401982,0.0,74.5,14.154110694668699,54.267787,752.4729935555555,752.4729935555555,-54.57766188888888,30.65541311111111,-48.761632444444444,-8.056801222222221,-7.319356222222221,8.86489977777778,19.755139444444445,58.988399222222235,1269.5488677777778,0.8566226627496649,0.0
42,-73.60239333333332,-35.12947111111111,-48.13723771269652,-38.962893957691676,0.0,84.5,11.116792859711769,55.47850233333334,1710.411574888889,887.9043131111112,-41.31579744444444,64.41725144444445,-58.11802355555555,-4.470954666666666,0.8408507777777763,60.86037922222222,17.352514555555555,44.623721222222215,1269.5488677777778,0.6654617536974295,1.0
43,-73.60239333333332,-35.12947111111111,-42.303823014191494,-39.91801372217573,0.0,94.5,22.194853216824225,55.42029599999999,913.8954848888889,424.0788973333333,-37.280303777777775,189.45441,-39.667439333333334,-3.4150595555555556,-51.72724711111111,194.1369767777778,13.012159666666667,74.68382211111111,1269.5488677777778,-0.9637910430919181,0.0
44,-73.60239333333332,-35.12947111111111,-38.21880235998612,-40.867311755794326,0.0,104.5,33.29391696065681,54.755572777777786,942.304492,942.304492,32.565807444444445,73.6010388888889,-35.22507544444444,9.093547777777777,50.92900866666666,54.872230111111115,14.232673111111112,47.11802733333334,1269.5488677777778,0.8223647130359962,0.0
45,-73.60239333333332,-35.12947111111111,-35.32433204378775,-41.34385481227845,0.0,114.5,26.01469897360216,54.59218166666667,823.7345913333332,823.7345913333332,19.797933888888892,20.864398222222224,-7.08625588888889,-14.383812333333333,30.272216777777782,-20.073959888888886,15.772632222222223,57.887999111111114,1269.5488677777778,-0.47680145098862037,0.0
46,-73.60239333333332,-35.12947111111111,-35.71480065784643,-41.204029972246666,0.0,124.5,29.918772764150013,54.62162933333334,1498.827972888889,1357.4313576666668,113.8533701111111,46.30572988888889,-5.886717777777777,16.616899555555555,58.37110155555556,158.07993844444442,18.081355999999996,69.54641322222221,1269.5488677777778,1.2138138941873282,0.0
47,-73.60239333333332,-35.12947111111111,-39.049963868696395,-41.85030822558535,0.0,134.5,32.50425444269747,54.00081544444445,939.5649966666666,760.4092008888889,82.49828811111111,34.14857988888889,28.744598000000003,10.545270555555557,0.1907286666666663,108.96165333333333,22.956555777777776,85.27593477777778,1269.5488677777778,-0.20648583639976742,0.0
48,-73.60239333333332,-35.12947111111111,-42.38527914317427,-41.672560404181084,0.0,144.5,31.85919494626408,53.86474722222223,937.6093119999999,758.8827584444443,74.55384433333333,8.34328011111111,3.0364708888888896,11.12295722222222,50.51972955555555,63.38307466666667,25.424142333333336,50.73861433333334,1269.5488677777778,0.6313867197857745,0.0
49,-73.60239333333332,-35.12947111111111,-43.034146964434925,-41.00939734814351,0.0,154.5,32.39047698001439,53.69257888888889,934.0900556666668,826.7512132222222,72.19024055555555,6.087377111111111,15.965592666666666,-20.141516888888894,32.79835533333333,66.08576433333334,25.373906999999996,65.25906333333333,1269.5488677777778,1.1389855233256838,0.0
50,-73.60239333333332,-35.12947111111111,-43.41958830386406,-38.436462117262415,0.0,164.5,24.4902457008918,54.13628688888889,937.8376541111113,669.487118111111,51.564516000000005,1.9143135555555553,8.525751777777778,-26.06664055555556,18.96058011111111,58.35860499999999,26.72486411111111,72.30550711111111,1269.5488677777778,1.2619691688912456,0.0
51,-72.42472,-30.801904444444443,-71.69067134762403,-31.36096098504219,0.0,4.5,39.14811943994997,55.968906555555556,1928.005486333333,1928.005486333333,77.24292975308643,40.06565580246914,-16.964574197530865,12.009904938271607,93.92177716049382,28.425969629629623,6.488466777777778,16.86720765432099,1767.3258311111108,0.29438830484817397,1.0
52,-72.42472,-30.801904444444443,-69.83824461042784,-32.64051845894979,0.0,14.5,52.27094177044718,56.058554888888885,2378.813348888889,2378.813348888889,92.80098977777777,49.00059522222222,-21.373790666666668,12.855809222222224,113.58714255555556,38.29346533333334,5.965444111111112,18.343876666666667,1767.3258311111108,0.32016104380450583,1.0
53,-72.42472,-30.801904444444443,-67.41607331709422,-34.04230392804202,0.0,24.5,58.182850198650144,56.15953166666666,2380.7124834444444,2380.7124834444444,70.08629677777779,53.89413511111111,-25.227237666666667,13.297354333333335,91.33365766666667,38.68908377777778,5.317466222222222,23.997995444444445,1767.3258311111108,0.4188440430175849,0.0
54,-72.42472,-30.801904444444443,-64.71076913794215,-34.89930489128676,0.0,34.5,51.985070370674954,56.221110222222215,2382.2670647777777,2382.2670647777777,19.43371,30.528030777777776,-25.510775444444448,1.0273746666666668,38.185806,19.711308222222222,4.459931,20.78557277777778,1767.3258311111108,0.36277665840288736,0.0
55,-72.42472,-30.801904444444443,-62.17096747676176,-35.76969210752797,0.0,44.5,42.95221064581972,60.528819,3329.5731276666666,3329.5731276666666,40.247345555555555,34.15013422222223,-21.340363777777775,15.311951666666667,51.559728222222226,1.4976862222222223,4.920960111111111,10.225002333333332,1767.3258311111108,0.014851713481794437,0.0
56,-72.42472,-30.801904444444443,-59.70363390147313,-35.20504980943445,0.0,54.5,32.56828573622639,58.40805777777778,2675.8529920000005,2675.8529920000005,5.03193711111111,-39.26981844444445,-21.539692777777777,-31.06178811111111,20.55749988888889,-32.17615966666666,6.898861666666667,49.15980488888889,1767.3258311111108,-0.3485482432407593,0.0
57,-72.42472,-30.801904444444443,-57.07426987579223,-33.427724025253816,0.0,64.5,24.712931195676596,55.98652188888889,1534.8761704444446,1534.8761704444446,-20.895012888888893,16.044401333333333,-24.79132044444444,-10.706944555555555,-0.4723982222222219,3.2250023333333333,9.158300666666666,63.60664466666666,1767.3258311111108,0.8427313973137837,0.0
58,-72.42472,-30.801904444444443,-52.68399422350295,-33.76588393210145,0.0,74.5,18.610585674347032,55.75959066666667,1248.4392394444444,1248.4392394444444,-42.95687433333333,37.994677111111116,-50.755503888888896,-0.5042631111111111,2.3662028888888904,9.207012888888892,10.208944222222224,37.464654555555555,1767.3258311111108,0.6538815814382863,0.0
59,-72.42472,-30.801904444444443,-46.93794792083421,-34.6299040117094,0.0,84.5,13.598271606234439,56.29299688888889,1626.7473966666669,1108.6431203333334,-43.79562266666666,72.42135122222223,-58.72508144444445,2.2483769999999996,-0.5891109999999997,54.455047666666665,9.875737222222222,41.00918677777778,1767.3258311111108,-0.027649422412834673,0.0
60,-72.42472,-30.801904444444443,-41.39841150769515,-35.537510277135866,0.0,94.5,29.75877199992498,55.83361144444444,889.8012544444446,670.5867076666667,-27.077670555555557,196.70645222222223,-40.26239444444444,1.0722707777777778,-33.94895622222223,193.981158,5.736100111111112,80.29015855555556,1767.3258311111108,-1.2968364568799164,0.0
61,-72.42472,-30.801904444444443,-37.29505205580018,-36.48768833052959,0.0,104.5,34.24698449627698,55.80505344444445,1440.0603315555556,893.0418596666668,42.158021777777776,68.13447211111111,-37.445249666666676,14.404658333333334,63.70004288888889,46.486239888888896,5.236377888888889,36.18709455555556,1767.3258311111108,0.6315839448225481,0.0
62,-72.42472,-30.801904444444443,-34.234124036340845,-36.98633398366614,0.0,114.5,25.33828454799027,55.909177,1321.6362405555556,1094.191622888889,29.770587222222225,17.381122222222224,-10.943247000000001,-13.103047555555557,36.42828744444444,-24.75033355555556,6.856426777777777,51.69476833333333,1767.3258311111108,-0.718371308216662,1.0
63,-72.42472,-30.801904444444443,-34.454306558946676,-36.87444831236404,0.0,124.5,23.869184453010398,56.33817577777778,1989.4400016666666,1046.5631144444446,104.48291322222221,28.077904999999998,-2.950146777777778,17.662270333333332,72.79443433333333,147.43714777777777,7.592463666666667,63.25422055555557,1767.3258311111108,1.1039944044942878,0.0
64,-72.42472,-30.801904444444443,-37.415847469435626,-37.59488267662058,0.0,134.5,24.50070380646517,56.70826233333334,1438.8169927777776,333.0775142222222,72.81685922222223,18.050127000000003,29.50918355555556,4.504176555555555,12.10423311111111,107.74901644444446,9.988467444444444,83.15365188888889,1767.3258311111108,1.2200604267976944,0.0
65,-72.42472,-30.801904444444443,-40.528681429536654,-37.47065863633015,0.0,144.5,22.83003762534688,56.927824333333334,1437.5041281111112,330.7013458888889,69.13181266666666,-6.634884111111111,6.7927533333333345,10.09832,56.26345533333333,52.275729,12.284199888888889,42.92806522222222,1767.3258311111108,0.5499107704228016,0.0
66,-72.42472,-30.801904444444443,-41.21098516094098,-36.80332799413301,0.0,154.5,22.859298302655755,56.710414666666665,1432.1151263333334,627.1519461111111,66.73708655555555,-8.80771311111111,10.438593666666668,-23.006296222222222,43.249016888888896,58.02469533333334,11.972811444444444,54.87494444444444,1767.3258311111108,0.9577484641337038,0.0
67,-72.42472,-30.801904444444443,-41.52960792362195,-34.26647167259214,0.0,164.5,17.62998674745105,56.61961622222223,1345.1666705555556,258.41538811111116,45.39341255555556,-5.793855555555555,3.0158519999999993,-27.432341444444443,26.51370988888889,51.69591444444444,14.567714666666665,63.06173533333333,1767.3258311111108,1.1006349047794886,0.0
68,-71.59928000000001,-26.355067777777784,-70.86626346481118,-26.913345705713585,0.0,4.5,43.707697480086566,55.86576022222222,2430.5602905555556,2430.5602905555556,74.63173987654321,44.28177666666667,-18.142665061728394,11.019181358024689,92.56152283950617,33.61381888888889,9.331363888888891,20.000665555555557,2269.479610000001,0.34907746632389336,1.0
69,-71.59928000000001,-26.355067777777784,-69.02916912345916,-28.18936407581205,0.0,14.5,56.37101136250952,55.929902777777784,2882.0990147777784,2882.0990147777784,88.13383666666668,54.86338244444445,-22.645265111111115,11.397404555555555,110.42248688888887,45.562499555555554,9.331219555555554,22.17359011111111,2269.479610000001,0.38700215311150077,1.0
70,-71.59928000000001,-26.355067777777784,-66.65358592724482,-29.583659419465175,0.0,24.5,63.08790768855373,56.010778888888886,2884.7252623333334,2882.225095888889,69.52004811111112,58.16039111111111,-26.522581666666667,11.603694111111112,92.80050511111111,44.39350022222222,8.651979555555556,26.404129444444447,2269.479610000001,0.4608389965131736,1.0
71,-71.59928000000001,-26.355067777777784,-64.01848427696251,-30.431694200611652,0.0,34.5,56.6203261478743,56.06244355555555,2886.7546523333335,2886.7546523333335,23.994483444444445,31.568850888888885,-26.05789111111111,-0.6141418888888887,44.384859999999996,21.997905,7.795353444444444,20.245232777777776,2269.479610000001,0.35334598995018845,1.0
72,-71.59928000000001,-26.355067777777784,-61.464856973245006,-31.302835719165053,0.0,44.5,47.90393529845453,60.38757011111111,3829.578978777778,3453.4713928888896,46.496177333333335,35.99901066666668,-23.972292888888887,14.144151777777775,61.86789477777778,4.024610444444446,7.636366111111111,10.228386333333335,2269.479610000001,0.058781405130984364,1.0
73,-71.59928000000001,-26.355067777777784,-58.79987798600882,-30.764336898283453,0.0,54.5,37.975816638531974,58.24740522222222,3178.5633534444446,2992.387901888889,14.352410222222227,-38.93237622222223,-23.50679433333333,-32.186935444444444,33.169415666666666,-30.97921622222222,9.920182,48.65536133333334,2269.479610000001,-0.06979293510030389,0.0
74,-71.59928000000001,-26.355067777777784,-56.00855133849389,-29.015277353175474,0.0,64.5,29.886088969643538,55.88506188888888,2037.319021666667,2037.319021666667,-15.581540222222225,14.732443555555557,-26.074596222222226,-11.925111,7.646706444444445,2.9804848888888893,11.610101333333334,59.5875898888889,2269.479610000001,1.0057638544282685,1.0
75,-71.59928000000001,-26.355067777777784,-51.68218768104343,-29.34206290333006,0.0,74.5,22.927359889858373,55.81333788888888,1749.7433694444444,1749.7433694444444,-36.58213966666666,37.368671666666664,-51.76078077777778,-0.8897865555555555,10.518083555555556,8.92183011111111,10.147034666666668,30.63921633333333,2269.479610000001,0.5347551966563507,0.0
76,-71.59928000000001,-26.355067777777784,-46.11944926162069,-30.178420773804344,0.0,84.5,18.34000485165074,56.20172666666667,1553.7970685555558,1521.9606241111112,-31.810937000000003,80.70806833333333,-58.61464533333333,4.290607666666668,12.62063688888889,55.68376488888889,7.561125555555554,39.949077,2269.479610000001,0.21522560966837787,0.0
77,-71.59928000000001,-26.355067777777784,-40.857601229698524,-31.054988529039086,0.0,94.5,36.148131248712254,55.82822888888889,1299.180855111111,580.08357,-31.276842888888886,197.11544155555555,-40.357569999999996,1.531919777777778,-30.463409222222225,192.36370055555554,5.09804388888889,80.89593811111112,2269.479610000001,-1.2449415960170067,0.0
78,-71.59928000000001,-26.355067777777784,-36.74414601552396,-32.00558268351273,0.0,104.5,30.210330615499267,55.834486000000005,1942.1118775555556,390.9903136666667,40.59210733333333,68.39262033333333,-41.24129633333333,14.259290222222223,68.31240955555556,46.681630999999996,5.310548333333333,34.55615555555555,2269.479610000001,0.6031186898245775,1.0
79,-71.59928000000001,-26.355067777777784,-33.53443985626636,-32.517827065622974,0.0,114.5,23.076313364925404,55.939845777777784,1824.3485532222226,651.2446497777777,36.797571777777776,17.05643622222222,-12.786013222222227,-13.009992666666665,45.58709499999999,-25.127113111111107,6.498376777777779,44.707821,2269.479610000001,-0.6124392618771233,1.0
80,-71.59928000000001,-26.355067777777784,-33.5976898779218,-32.424446578347606,0.0,124.5,18.218569872277754,56.22213833333334,2266.2176435555557,640.5760992222223,85.70979500000001,33.24272133333333,-2.4742711111111113,16.709828111111115,53.15460822222222,150.24366644444444,10.03014577777778,69.715441,2269.479610000001,1.2167639730069624,0.0
81,-71.59928000000001,-26.355067777777784,-36.22097024109735,-33.197506728276096,0.0,134.5,17.222817234349343,56.02185222222222,1419.7383553333334,-16.64817322222222,54.94243022222222,25.720526,29.965611555555558,7.281991777777778,-10.611804555555556,107.90290622222221,15.872120777777777,82.5858261111111,2269.479610000001,-1.083352210880819,0.0
82,-71.59928000000001,-26.355067777777784,-39.12635085790224,-33.11288902825696,0.0,144.5,15.551917935440262,56.00309644444445,1419.5302545555555,-19.588054555555555,63.379613000000006,1.1202722222222228,7.433923444444444,10.704955111111113,43.342649888888886,58.047498555555556,18.058422444444446,50.29945466666667,2269.479610000001,0.619577341354226,0.0
83,-71.59928000000001,-26.355067777777784,-39.83256596229422,-32.44292041852971,0.0,154.5,16.100009603869587,56.02005011111112,1256.590941888889,280.8694147777777,51.844500999999994,7.009285333333334,10.571377222222221,-22.339411888888893,26.565236222222218,45.53735866666666,14.600252999999999,45.91608633333333,2269.479610000001,0.5888479084228404,0.0
84,-71.59928000000001,-26.355067777777784,-40.061938004862434,-29.935618594444566,0.0,164.5,14.526464226103291,55.674564777777775,577.1684615555557,131.99970766666667,25.379147111111116,19.671541666666666,3.212013777777777,-27.09255211111111,9.31195188888889,23.882752777777775,15.268886888888886,63.01396822222223,2269.479610000001,0.39331403404698595,0.0
85,-71.22557777777776,-21.86550666666667,-70.496499958859,-22.42340130423314,0.0,4.5,45.9292214917918,55.86091866666667,2934.3392906666663,2858.5825327777775,81.11325802469136,26.75937617283951,-15.592495802469134,14.628421851851853,96.66820827160493,12.501607037037038,-3.4714840000000002,10.082378148148148,2772.77625,0.12887061840433514,0.0
86,-71.22557777777776,-21.86550666666667,-68.68063311932433,-23.697799029596514,0.0,14.5,57.93510312278973,55.92954866666666,3386.550520777778,3038.3852903333336,95.25472733333334,35.17827922222223,-19.983411333333333,15.793508222222224,115.69199533333335,21.437600555555555,-2.949222,12.32041388888889,2772.77625,0.17900063276735168,1.0
87,-71.22557777777776,-21.86550666666667,-66.35600536463728,-25.08895507287044,0.0,24.5,66.44135665300792,55.97233455555555,3389.851466,2935.122354777778,82.29544044444445,41.39076733333333,-23.650365111111114,16.850845999999997,102.95835077777778,23.03326588888889,-3.7517133333333335,14.476646888888888,2772.77625,0.23182574457080846,1.0
88,-71.22557777777776,-21.86550666666667,-63.790328666726474,-25.93371971476622,0.0,34.5,59.98179314408592,55.972434,3392.173269222222,3043.6422114444445,36.24877388888889,24.566283666666667,-25.79206922222222,4.966755555555556,54.86380700000001,10.863444666666666,-4.676238444444445,12.158089333333335,2772.77625,0.10828699326774412,1.0
89,-71.22557777777776,-21.86550666666667,-61.229119451989575,-26.805098336572712,0.0,44.5,52.00052070815552,60.30806244444445,4337.505224888889,3017.102070222222,60.561635,23.320585,-21.801074,19.141063888888887,70.68221666666668,-11.234726222222223,-5.269591222222223,11.557077555555555,2772.77625,-0.15793577394053449,1.0
90,-71.22557777777776,-21.86550666666667,-58.379055751126714,-26.27754900963469,0.0,54.5,42.375705714174906,58.31542266666668,3679.1573455555563,2906.9933685555557,12.456673222222225,-41.791089666666664,-33.21870811111111,-25.66107911111111,35.90871133333333,-38.566352111111115,-2.623626777777777,56.28233399999999,2772.77625,-0.5790966569149422,1.0
91,-71.22557777777776,-21.86550666666667,-55.426493712917434,-24.542851188070095,0.0,64.5,34.431735419735446,56.02976944444443,2542.152850222222,2540.911769555555,-5.707291999999997,16.586770666666666,-29.48710744444444,-5.443615666666667,16.09898611111111,-0.1901793333333341,-1.6425085555555559,46.16804800000001,2772.77625,0.02583395583467395,1.0
92,-71.22557777777776,-21.86550666666667,-51.161646453214544,-24.863577164035217,0.0,74.5,27.77574555877198,55.73666655555555,2253.212215333334,2253.212215333334,-20.63765266666667,42.64660022222222,-50.79826944444444,10.105976777777778,20.077030777777782,5.16331622222222,-2.429711777777778,19.449160666666668,2772.77625,0.3133203055182489,0.0
93,-71.22557777777776,-21.86550666666667,-45.77354306903463,-25.6869419251364,0.0,84.5,26.39316230192852,55.96958988888889,2019.0653493333334,1914.3876053333333,-8.141760888888887,84.85460633333334,-55.344877444444435,16.16421144444444,31.269299444444442,51.176401444444444,-4.772101666666667,33.095736,2772.77625,0.5406391772172983,0.0
94,-71.22557777777776,-21.86550666666667,-40.771545139369906,-26.553310001717893,0.0,94.5,39.67024174489844,55.54208311111112,1431.1400713333335,199.5290267777778,9.512041555555557,174.16661266666668,-37.30279377777778,9.131193888888887,16.064811555555558,161.0599701111111,-7.162702666666666,72.92327288888889,2772.77625,-0.029933370255310343,0.0
95,-71.22557777777776,-21.86550666666667,-36.65412164225622,-27.504047233776323,0.0,104.5,27.05270135658599,55.691654555555544,1386.4844429999998,43.70145255555556,46.46932366666667,63.71191455555554,-40.726412,21.64912288888889,69.57795655555556,20.46498777777778,-5.405125222222222,23.073912888888888,2772.77625,0.2454235462578816,0.0
96,-71.22557777777776,-21.86550666666667,-33.311729276864675,-28.019572505361015,0.0,114.5,23.123515376711538,55.67394944444444,2242.3643161111113,157.12789888888886,44.99825322222223,7.487674444444444,-16.57987377777778,-9.397251666666667,45.64719933333332,-36.41487577777777,-6.277194111111111,46.40718277777778,2772.77625,-0.6818735989729079,0.0
97,-71.22557777777776,-21.86550666666667,-33.2313187885028,-27.933186891276414,0.0,124.5,14.155434321509892,56.35360544444444,2078.4099502222216,412.45430066666665,72.40922655555555,15.263244222222221,6.679822888888888,15.054160111111107,72.63006899999999,134.80993455555557,-3.6370340000000008,60.44812788888889,2772.77625,1.0550188465834591,0.0
98,-71.22557777777776,-21.86550666666667,-35.54998213353056,-28.733393723980292,0.0,134.5,11.597115872581679,55.92322688888889,186.55141311111115,121.06862455555554,42.60560822222222,12.058981555555555,36.389142888888884,-3.4723416666666664,7.875351,107.383256,-0.44241011111111117,82.38859744444446,2772.77625,0.2806980881464925,1.0
99,-71.22557777777776,-21.86550666666667,-38.26385594542682,-28.671697767434164,0.0,144.5,11.436861300334618,55.4541,129.36249677777775,43.30321566666667,53.17868744444445,-7.879993666666666,12.842988222222223,6.963321444444446,40.82269822222222,36.43474666666666,0.05367755555555583,45.60415733333333,2772.77625,0.268336791895775,1.0
100,-71.22557777777776,-21.86550666666667,-38.98630766969268,-28.000305069006913,0.0,154.5,13.335347762259104,55.97263777777778,1149.9264943333333,321.16810699999996,44.99217988888889,4.496455555555556,4.651439,-23.708888111111115,27.01003544444444,28.255298777777778,1.2905925555555555,38.72762088888889,2772.77625,0.3708820920930789,0.0
101,-71.22557777777776,-21.86550666666667,-39.111442141442105,-25.512347511880144,0.0,164.5,15.159701460077107,55.605755666666674,600.0324787777778,600.0324787777778,27.59282077777778,22.178439333333333,-3.0106845555555553,-26.789815222222224,14.163526222222222,10.038895888888888,2.605989888888889,33.255160333333336,2772.77625,0.5796845056649182,0.0
102,-73.03072999999999,-17.970247777777782,-72.3121549491604,-18.52973741462143,0.0,4.5,45.10002771753455,54.51807177777778,3430.8122751111114,2693.6552448888892,76.52949395061728,-34.629484197530864,-1.9020370370370374,21.352186666666668,78.73653432098767,-55.718807037037045,-45.51097555555556,35.30326790123457,3269.1698388888894,-0.6161582631701731,0.0
103,-73.03072999999999,-17.970247777777782,-70.53102779012553,-19.811826567021907,0.0,14.5,55.96455584918662,54.42242355555557,3882.886696888889,2554.529664888889,91.38845355555556,-37.02955355555556,-4.349476111111111,25.026838777777773,97.76445644444445,-60.99282988888889,-44.70902111111111,32.15684122222221,3269.1698388888894,-0.5612427482908865,1.0
104,-73.03072999999999,-17.970247777777782,-68.2681099397176,-21.220564023354395,0.0,24.5,65.79189943675715,54.20590966666666,3885.286328333333,2445.9386195555558,89.94884077777779,-25.589366777777776,-6.278026666666667,28.254564888888886,93.59001122222222,-53.18683866666667,-45.5126598888889,28.998863666666672,3269.1698388888894,-0.50612564848357,1.0
105,-73.03072999999999,-17.970247777777782,-65.77122848103072,-22.08902749490112,0.0,34.5,62.79493726365077,54.010409,3886.603743222222,2561.7214593333333,48.446078222222226,-8.575066444444445,-15.815610888888889,21.002935222222224,53.61378366666666,-31.364686111111116,-46.39761166666666,33.81443422222222,3269.1698388888894,-0.5901732115812381,1.0
106,-73.03072999999999,-17.970247777777782,-63.21819575792745,-22.958020715487702,0.0,44.5,56.77915799256594,57.94103466666667,4828.569929777778,2527.288455666667,66.9713548888889,-25.696380555555557,-4.856911666666667,29.24740433333334,53.47572244444444,-58.79211188888888,-46.46833588888889,47.70030966666667,3269.1698388888894,-0.7976266485358553,0.0
107,-73.03072999999999,-17.970247777777782,-60.210105425036105,-22.369986252641976,0.0,54.5,47.12118068858068,56.22679044444444,4182.523164444445,2544.312446,-13.152967555555557,-41.38929555555556,-44.795801999999995,5.132010444444444,9.318485111111112,-56.27313777777776,-44.71952288888889,77.30369888888889,3269.1698388888894,-0.3123721536191132,1.0
108,-73.03072999999999,-17.970247777777782,-57.09732072875223,-20.584082052048895,0.0,64.5,40.5054015268321,54.42994244444444,3039.2757005555563,2521.6022930000004,12.505334555555557,13.829409444444446,-26.763495777777774,16.47925877777778,18.95983611111111,-13.933301666666665,-43.59548266666667,44.61690244444445,3269.1698388888894,0.3069280500318059,1.0
109,-73.03072999999999,-17.970247777777782,-52.88831077900194,-20.92374848597638,0.0,74.5,37.58447408222084,54.26595866666668,2747.4327694444446,2722.045414444444,18.84384766666667,43.406084,-32.05358733333333,41.375703111111115,25.792490888888892,-12.20430088888889,-43.017999555555555,29.04796988888889,3269.1698388888894,-0.435130097286515,0.0
110,-73.03072999999999,-17.970247777777782,-47.65555395956669,-21.80321496160842,0.0,84.5,37.897460084465116,54.22582322222223,2512.0590608888892,1976.2246032222224,53.855464999999995,67.82976944444444,-30.58235988888889,48.67699655555556,63.054939000000005,15.602031333333333,-45.26588499999999,31.58212477777777,3269.1698388888894,-0.19500241190387624,0.0
111,-73.03072999999999,-17.970247777777782,-42.8750069725838,-22.758312475703754,0.0,94.5,39.46097104311557,53.799651555555556,520.0159236666666,198.1538082222222,92.26290344444445,34.81727322222222,-14.998085444444445,21.444489111111107,71.93704877777779,-6.9543110000000015,-53.721137444444444,35.64803422222222,3269.1698388888894,-0.2511716966972908,0.0
112,-73.03072999999999,-17.970247777777782,-38.77022765451715,-23.707451557706044,0.0,104.5,27.73881318899883,53.56801766666666,425.8580837777778,425.8580837777778,79.17204311111111,23.045802777777777,-17.884612555555556,45.21715811111112,52.97925722222222,-43.54355666666667,-47.82027777777778,38.59670255555555,3269.1698388888894,-0.6725654786951573,1.0
113,-73.03072999999999,-17.970247777777782,-35.3318294776956,-24.17696569562758,0.0,114.5,27.761993183012198,53.54460655555556,795.233338888889,99.48298022222221,9.824131111111111,-23.763496555555555,-20.299628555555554,4.791646555555555,-27.31012666666667,-72.56054511111111,-46.9857,57.48282544444445,3269.1698388888894,0.15197734825357503,0.0
114,-73.03072999999999,-17.970247777777782,-35.13515221479323,-24.043979348613515,0.0,124.5,15.490295559126569,54.32885966666665,2158.145301888889,105.70351344444444,44.951984555555555,-28.667045444444444,13.779275777777778,7.685881,109.595344,47.31573722222222,-41.59644233333333,33.03209033333333,3269.1698388888894,0.5041289986270859,0.0
115,-73.03072999999999,-17.970247777777782,-37.21974089661408,-24.756072434523112,0.0,134.5,11.291473423812274,53.766985999999996,313.57158533333336,62.73302766666667,35.13457588888888,10.712978222222223,20.559628222222223,-25.933649222222222,15.376338333333333,65.36497077777777,-43.50334844444445,58.00733844444445,3269.1698388888894,0.009311370969827149,0.0
116,-73.03072999999999,-17.970247777777782,-39.773624850683994,-24.64303533484354,0.0,144.5,13.261316054756666,53.77778077777778,326.29601833333334,326.29601833333334,47.929081777777775,-0.44321377777777726,15.522767888888888,-3.962241888888889,-1.418629888888888,-16.28199988888889,-41.459480444444445,79.20689211111112,3269.1698388888894,-0.9216978656712108,0.0
117,-73.03072999999999,-17.970247777777782,-40.496604715063526,-23.97435993545656,0.0,154.5,16.770025836649005,53.869426222222216,662.6068817777779,662.6068817777779,42.649001000000005,-3.3052645555555555,-13.509668444444447,-20.409601666666664,8.46317877777778,-7.381403222222223,-40.39719866666667,37.4037378888889,3269.1698388888894,-0.5876155988513518,0.0
118,-73.03072999999999,-17.970247777777782,-40.48750729200698,-21.455557678774113,0.0,164.5,21.590870793384827,54.24438766666666,1094.5139535555554,1094.5139535555554,40.44469066666666,-4.219422111111111,-20.679107000000002,-17.638853777777776,23.995624666666664,-4.787819000000001,-39.27669377777778,15.462060999999995,3269.1698388888894,-0.24708542927011226,0.0
119,-76.41908666666667,-15.021379999999997,-75.712145194023,-15.58248863719918,0.0,4.5,41.21593238509841,55.05273222222222,3922.858960777777,2201.608560111111,76.66915234567902,-34.65442456790122,-2.481426913580247,21.656979753086418,79.54741975308644,-56.03025666666666,-43.88601522222222,35.10495086419753,3761.9529433333323,-0.612696985846813,0.0
120,-76.41908666666667,-15.021379999999997,-73.96614835663071,-16.875713468277688,0.0,14.5,51.02183060829614,54.85911799999999,4373.262784,2064.1535784444445,89.70723911111112,-40.04914355555555,-4.11151411111111,25.588787,96.25335744444445,-64.56056555555556,-44.840086666666664,33.907279,3761.9529433333323,-0.591793660841893,0.0
121,-76.41908666666667,-15.021379999999997,-71.76011759351925,-18.313180252531318,0.0,24.5,61.04508156722759,54.695870777777785,4373.835142888888,1957.3898045555554,92.9847531111111,-27.413046333333334,-6.1147936666666665,28.891794666666662,97.05051655555556,-55.52251900000001,-45.24514655555556,29.20429977777777,3761.9529433333323,-0.5097111861388707,0.0
122,-76.41908666666667,-15.021379999999997,-69.3209663764311,-19.222175559951356,0.0,34.5,63.86351075876364,54.53438388888888,4373.462573333332,2074.862629444445,54.965965,-8.858349444444446,-15.985286888888888,21.61732388888889,60.62634511111111,-32.08945277777779,-45.92485577777778,30.202914222222223,3761.9529433333323,-0.5271402962064785,1.0
123,-76.41908666666667,-15.021379999999997,-66.78258722207448,-20.08450885689255,0.0,44.5,62.045527876166986,58.66827822222223,5324.059041222223,2031.7993444444444,75.1639738888889,-25.546691666666668,-6.436968,29.656066999999997,63.57212077777778,-58.98385222222223,-45.312601888888885,42.97426655555556,3761.9529433333323,-0.7500424370651899,0.0
124,-76.41908666666667,-15.021379999999997,-63.653790560798235,-19.386646492993712,0.0,54.5,53.98301136793562,56.889174555555556,4664.850430888889,2061.9851800000006,-6.6224812222222225,-41.279451444444454,-48.772625888888896,4.937450111111111,19.478261555555555,-56.1035638888889,-43.65633144444444,71.40668722222222,3761.9529433333323,-1.1795749588674664,0.0
125,-76.41908666666667,-15.021379999999997,-60.40602167766856,-17.506793097587956,0.0,64.5,48.17331043430784,55.09178755555556,3530.7402464444444,2033.7854396666667,18.216740999999995,15.25896611111111,-28.90763211111111,15.985261333333332,27.232177222222226,-12.593769,-41.276227666666664,39.39997966666667,3761.9529433333323,-0.6544250280270454,0.0
126,-76.41908666666667,-15.021379999999997,-56.24151390580234,-17.88268872586769,0.0,74.5,47.13965328332451,54.83383211111111,3237.255132555556,3058.5318373333334,26.698258666666675,44.13951599999999,-31.885822444444443,42.50005833333333,33.659979,-12.214703000000004,-42.99625822222222,30.52689277777778,3761.9529433333323,-0.38554226507013867,0.0
127,-76.41908666666667,-15.021379999999997,-51.13082082112739,-18.86561620977445,0.0,84.5,44.1499571151473,54.68231977777778,2485.891401777778,1995.4131986666664,51.24302311111112,30.879635666666665,-26.092790666666666,44.659849111111114,53.81812399999999,-30.10143477777778,-46.84646488888889,45.12137233333333,3761.9529433333323,-0.7200890128587077,0.0
128,-76.41908666666667,-15.021379999999997,-46.51878137082972,-19.97691767128898,0.0,94.5,37.771876766596186,54.299273222222226,621.2178186666667,621.2178186666667,80.33283388888889,3.201779888888889,-21.41148611111111,33.76522033333333,76.84540566666666,-40.16597633333333,-47.47714877777777,25.921351222222228,3761.9529433333323,-0.4524129306272068,0.0
129,-76.41908666666667,-15.021379999999997,-42.43309731383094,-20.920448730205088,0.0,104.5,32.09515378876642,54.258491888888884,912.1630371111112,912.1630371111112,84.12089799999998,22.22833511111111,-20.32940544444444,45.81736333333333,61.55974155555556,-44.299020111111105,-47.41017899999999,35.152535,3761.9529433333323,-0.6135274744575451,1.0
130,-76.41908666666667,-15.021379999999997,-38.931559470848796,-21.307956061321725,0.0,114.5,34.688624923574565,54.20889622222222,544.9427233333333,544.9427233333333,5.684103,-30.074742444444446,-22.232715444444445,4.741805111111113,-33.547664222222224,-86.68566966666667,-45.926743,59.90708577777777,3761.9529433333323,0.3032346995768135,0.0
131,-76.41908666666667,-15.021379999999997,-38.64943929376647,-21.0909398743748,0.0,124.5,22.635773960292184,54.150505888888894,456.51522677777774,234.18401611111113,7.935637555555553,-31.529971333333343,13.15967311111111,6.618504222222221,1.8251892222222235,-44.84191511111111,-44.730175888888894,66.38640555555556,3761.9529433333323,0.7181819717403142,0.0
132,-76.41908666666667,-15.021379999999997,-40.56856938702286,-21.630815215606436,0.0,134.5,16.85053009637041,54.34312222222222,398.7410067777777,398.7410067777777,27.787059777777777,25.23813911111111,19.794966444444444,-26.70108666666666,-32.87271344444445,25.679402111111113,-40.71008666666667,50.218618333333325,3761.9529433333323,-0.40103680504719097,0.0
133,-76.41908666666667,-15.021379999999997,-43.00076966966327,-21.413356536299087,0.0,144.5,19.687232989165818,54.66331533333333,812.3577201111111,812.3577201111111,55.18503922222222,2.03058611111111,17.08757588888889,-3.309371111111111,5.071078222222223,-15.852284333333333,-38.18326455555555,66.53689444444444,3761.9529433333323,-1.161287880701336,0.0
134,-76.41908666666667,-15.021379999999997,-43.71685882862952,-20.751806523955313,0.0,154.5,23.835312719421793,54.62391377777779,1157.643789222222,1157.643789222222,49.34843633333334,-2.104002777777778,-14.412834333333333,-20.875787111111112,17.275586222222223,-6.450980555555556,-38.363450444444446,20.802253888888888,3761.9529433333323,-0.36306781718799275,0.0
135,-76.41908666666667,-15.021379999999997,-43.57957300054288,-18.17068363098964,0.0,164.5,29.153847129513395,54.894094555555554,1584.5548688888891,1584.5548688888891,46.31826622222222,-2.981951111111111,-20.88746877777778,-18.215068777777773,31.621283,-3.737604777777778,-37.200016444444444,8.05806488888889,3761.9529433333323,-0.13878418335357526,0.0
136,-79.19836111111111,-11.471341111111114,-78.49787121769126,-12.032337967645045,0.0,4.5,35.1068803947128,55.778499888888895,4422.152369,1702.3151513333335,80.18716913580246,-18.794645555555558,-7.084301358024692,20.71874012345679,87.69312765432097,-39.150753950617286,-31.687903777777773,24.04170592592593,4261.204277777777,-0.41960692398529625,1.0
137,-79.19836111111111,-11.471341111111114,-76.77597316393471,-13.331326911859525,0.0,14.5,43.930390026466,55.777042888888886,4871.987052222223,1565.4293094444445,92.99266166666668,-20.315389222222223,-9.679317333333334,24.113789666666662,105.157914,-42.82512744444445,-31.764920666666665,22.149811111111113,4261.204277777777,-0.3865871311400926,1.0
138,-79.19836111111111,-11.471341111111114,-74.61672543710625,-14.788477395459537,0.0,24.5,54.87263602772955,55.742781222222234,4871.731717777778,1459.4932283333335,97.85771333333332,-6.942389999999998,-12.263794999999998,26.929037222222224,108.60462555555554,-33.48200344444445,-32.138724666666675,16.58642922222222,4261.204277777777,-0.28948780023024245,0.0
139,-79.19836111111111,-11.471341111111114,-72.23252664399543,-15.728189087915826,0.0,34.5,60.46285684281237,55.67628477777778,4870.386333888888,1577.9388691111112,61.09556,3.5590667777777782,-20.290767444444448,17.725014333333334,72.26185433333333,-17.87761444444444,-32.74746988888889,15.34753466666667,4261.204277777777,-0.2678650125341592,0.0
140,-79.19836111111111,-11.471341111111114,-69.69780618064983,-16.582662880720992,0.0,44.5,65.49355380156615,59.91622166666666,5824.164500000001,1531.6938844444444,85.47497444444444,-9.124806777777778,-13.890497888888884,27.593922666666668,83.27759311111112,-44.040406555555556,-32.58515633333333,27.819186666666667,4261.204277777777,-0.48553640795347325,0.0
141,-79.19836111111111,-11.471341111111114,-66.43696031807798,-15.797337574050612,0.0,54.5,61.32289717293073,58.03713966666667,5173.208405888889,1553.6272052222225,8.971920666666666,-41.25006744444445,-51.82551533333333,-5.586623333333333,40.86862788888888,-50.03023822222222,-30.762788333333333,48.01471722222223,4261.204277777777,-0.8380149046128025,0.0
142,-79.19836111111111,-11.471341111111114,-63.05880185756964,-13.846461326092589,0.0,64.5,55.68081415292139,55.91230566666667,4030.9565206666666,1533.5691654444445,20.847188777777777,18.93067633333333,-32.74624022222223,9.936040666666667,36.97029033333333,-6.498506999999999,-29.26732088888889,18.919589777777777,4261.204277777777,-0.33020914001897034,0.0
143,-79.19836111111111,-11.471341111111114,-58.94092618936877,-14.250584874274832,0.0,74.5,53.00695516102583,55.66692733333334,3735.0775626666664,2739.7590546666665,23.773260999999998,49.29066422222222,-39.95052944444444,35.06942,43.09969233333334,-4.3602451111111105,-30.398801000000002,15.975040222222225,4261.204277777777,0.08173030251174954,0.0
144,-79.19836111111111,-11.471341111111114,-53.959444243952404,-15.31485917686732,0.0,84.5,46.16287758903978,55.54838955555556,2763.5330138888894,1923.8796252222226,43.37650633333333,33.05813333333333,-38.29275066666667,42.65329855555555,63.975576000000004,-24.672701666666665,-31.96496566666667,39.744487222222226,4261.204277777777,0.021965635471595718,0.0
145,-79.19836111111111,-11.471341111111114,-49.531247572625624,-16.55115997455695,0.0,94.5,37.002063626854365,55.42138922222222,1120.0507634444443,1120.0507634444443,82.40094877777777,20.373729444444443,-27.43738,28.594332333333334,89.72766877777778,-22.608557111111114,-34.422241444444445,15.57380611111111,4261.204277777777,-0.2208394866940131,0.0
146,-79.19836111111111,-11.471341111111114,-45.45265666121607,-17.48729410362011,0.0,104.5,39.89952235150293,55.452447222222226,1406.646263777778,1406.646263777778,80.93696500000001,39.40879588888888,-32.25379111111111,40.359821333333336,77.83450055555556,-29.831277222222223,-34.486938555555554,20.979026444444447,4261.204277777777,-0.3561729096813608,0.0
147,-79.19836111111111,-11.471341111111114,-41.86853592041821,-17.806287728949407,0.0,114.5,44.502979327042354,55.448027444444435,1041.785853111111,1041.785853111111,21.793264333333333,-27.269725111111114,-24.109059666666667,-0.1604124444444448,-4.999444666666667,-90.91733388888888,-32.78480244444445,67.72853622222222,4261.204277777777,0.5625825556133692,0.0
148,-79.19836111111111,-11.471341111111114,-41.48872320412324,-17.52167420042976,0.0,124.5,33.160941333491664,55.30587377777778,698.8495602222222,698.8495602222222,12.438522,-27.530259111111114,10.158142444444445,9.291272222222222,-3.3164783333333347,-52.74473788888889,-31.25876333333333,81.00939788888891,4261.204277777777,0.6005886780392398,0.0
149,-79.19836111111111,-11.471341111111114,-43.2067885529519,-17.922924846665158,0.0,134.5,26.791444736840994,55.55266255555556,894.1231776666667,894.1231776666667,23.532035333333333,30.509924444444447,21.94643122222222,-22.393178,-32.34184888888889,18.93568511111111,-28.060334333333333,49.83730888888889,4261.204277777777,-0.22171022975840252,0.0
150,-79.19836111111111,-11.471341111111114,-45.50295767160433,-17.62404482399497,0.0,144.5,29.75574513796846,55.73679444444444,1310.040255222222,1310.040255222222,60.37394688888888,13.209397555555555,18.57001011111111,0.1441687777777779,14.166373222222223,-14.089619777777779,-26.200171444444443,45.87651133333334,4261.204277777777,-0.8006961827000169,0.0
151,-79.19836111111111,-11.471341111111114,-46.22110053674952,-16.969409583585264,0.0,154.5,32.92007457128667,55.607989999999994,1654.5793092222223,1654.5793092222223,54.879661999999996,7.108502333333332,-11.46440888888889,-23.11832211111111,26.717305222222222,-2.70456,-27.306852777777777,7.91056788888889,4261.204277777777,-0.11184957991960079,0.0
152,-79.19836111111111,-11.471341111111114,-45.974871317351436,-14.345169245307002,0.0,164.5,36.586316423276706,55.64134244444445,2082.671231555555,2056.6650697777777,51.293383444444444,5.537299333333334,-17.610311222222222,-21.628906555555556,38.99729555555556,2.3802646666666667,-26.424424111111115,2.8952662222222223,4261.204277777777,0.050531931653151875,0.0
153,-81.26724444444446,-7.457896666666668,-80.56839016086079,-8.017950769357439,0.0,4.5,27.367784333471395,55.91501677777778,4925.256402444445,1199.2111193333335,79.2165187654321,-2.2031576543209876,-11.392956172839508,18.605774814814815,91.02894543209877,-20.357003580246914,-19.333525444444444,14.191992962962964,4764.005633333335,-0.21817785182869712,0.0
154,-81.26724444444446,-7.457896666666668,-78.85994371698072,-9.319212735139562,0.0,14.5,36.941050676323655,55.90473533333333,5375.349159,1062.0672028888887,90.92489244444445,-3.313241111111111,-14.046982555555555,21.797845333333335,107.43245844444444,-23.042215555555558,-20.68875955555556,12.569902666666666,4764.005633333335,-0.20903547973145029,1.0
155,-81.26724444444446,-7.457896666666668,-76.73669500878991,-10.788665989482277,0.0,24.5,47.51088072293441,55.94437966666667,5375.141340666666,956.0836056666667,97.63083366666667,11.232432111111113,-17.01420888888889,24.092954333333335,113.75085688888889,-12.664379444444446,-21.02345566666667,7.4813438888888895,4764.005633333335,-0.102725755820504,1.0
156,-81.26724444444446,-7.457896666666668,-74.40264268753228,-11.749692829794347,0.0,34.5,54.560254566069865,55.938260111111106,5373.492356444445,1074.8328470000001,64.34410355555556,15.22369266666667,-23.027306000000003,13.691731777777775,79.79347999999999,-3.662796111111112,-21.72295311111111,5.762460666666668,4764.005633333335,-0.06492945876899246,0.0
157,-81.26724444444446,-7.457896666666668,-71.86177280109993,-12.596910936796958,0.0,44.5,65.58943456732716,60.313957,6323.3689722222225,1032.4894114444446,90.85798733333334,9.828740777777778,-20.646497333333333,23.703803,98.276537,-24.166789333333334,-19.98327811111111,15.323970666666664,4764.005633333335,-0.2409802397295091,0.0
158,-81.26724444444446,-7.457896666666668,-68.46459018535622,-11.748467065123384,0.0,54.5,65.47509415032297,58.327280666666674,5667.019132555555,1059.816477888889,23.690382444444445,-37.06053911111111,-51.939535666666664,-16.187767333333333,59.43724922222221,-38.808580555555565,-18.634029333333334,30.037280777777777,4764.005633333335,-0.5218070247725308,0.0
159,-81.26724444444446,-7.457896666666668,-64.96504342913857,-9.748894847345383,0.0,64.5,59.653430048262045,56.07386966666668,4534.22922688889,1030.2964596666666,21.765146444444447,23.82968522222222,-34.86966755555555,2.557163777777778,44.49502155555557,2.844704111111111,-16.54570611111111,13.927747,4764.005633333335,-0.04542306270953559,0.0
160,-81.26724444444446,-7.457896666666668,-60.89391562389345,-10.17284662755203,0.0,74.5,53.16668983735767,55.887172666666665,4237.8653212222225,2236.9712960000006,18.794525555555555,53.984025222222215,-46.30550366666666,25.314104555555556,50.22385877777778,6.234404666666667,-17.216972444444444,12.517705444444443,4764.005633333335,0.2049588623310048,0.0
161,-81.26724444444446,-7.457896666666668,-56.04270810510286,-11.29504839975313,0.0,84.5,44.348937714415904,55.822903666666676,3265.489665555556,1820.840773444444,40.22574655555555,42.780630555555554,-45.61797855555555,32.815337666666665,73.36536833333334,-8.470385222222223,-18.267216888888886,22.04040966666667,4764.005633333335,0.18414572056341155,0.0
162,-81.26724444444446,-7.457896666666668,-51.80370091327728,-12.622426248601752,0.0,94.5,40.1826607796106,55.814507111111105,1621.406900111111,1609.0380124444443,79.10783800000002,39.26808422222222,-32.39309266666667,21.501418666666666,97.65956399999999,-0.40487677777777653,-20.505415666666668,12.82578611111111,4764.005633333335,0.018485917053945172,0.0
163,-81.26724444444446,-7.457896666666668,-47.7212416170232,-13.55135256281606,0.0,104.5,46.9567136664404,55.93988966666667,1908.9059371111114,1871.7480804444447,72.75380488888888,56.49280688888889,-42.95909844444444,31.743882222222226,90.27541,-10.712827777777777,-21.128914333333334,9.943067,4764.005633333335,-0.11012077233365614,0.0
164,-81.26724444444446,-7.457896666666668,-44.04134382523445,-13.818579356816386,0.0,114.5,53.85229483572257,55.873938888888894,1543.5135295555554,1537.347764333333,37.16952855555556,-19.721842111111112,-24.54834122222222,-5.9752501111111105,25.811979222222227,-87.46168144444444,-18.69191277777778,70.42079755555554,4764.005633333335,-0.19406883393546465,0.0
165,-81.26724444444446,-7.457896666666668,-43.55770993763216,-13.484822249844438,0.0,124.5,44.76742267490856,55.66907944444445,1198.9408715555558,1192.8285493333335,20.289979444444448,-23.953281,6.52030388888889,10.920558444444444,9.879116222222223,-51.682586,-18.129720888888887,76.44014977777776,4764.005633333335,-1.2034052530212302,0.0
166,-81.26724444444446,-7.457896666666668,-45.05292437524412,-13.786656316899917,0.0,134.5,38.15479549343867,55.842810666666665,1396.144723777778,1282.9658857777779,18.398532,34.365087333333335,22.695739222222223,-18.114298444444447,-29.995035333333334,13.006974444444444,-16.525312444444445,47.24089433333333,4764.005633333335,-0.36330262585008716,0.0
167,-81.26724444444446,-7.457896666666668,-47.20653479345823,-13.431577008356228,0.0,144.5,39.807157580161494,56.0588848888889,1813.506016888889,1589.0214231111113,61.488023,26.848205777777775,18.948079333333332,4.357403777777778,22.662721777777776,-9.585628444444444,-12.959115555555556,27.376974222222223,4764.005633333335,-0.476013765222065,0.0
168,-81.26724444444446,-7.457896666666668,-47.93393051928673,-12.782360555333335,0.0,154.5,41.79550161470975,55.877805333333335,2156.868779555555,1949.2206274444447,56.83770788888889,20.345785888888884,-6.552805222222221,-25.12224922222222,34.65019266666667,4.916165999999999,-13.468023444444444,12.405106666666667,4764.005633333335,0.12339721355299191,0.0
169,-81.26724444444446,-7.457896666666668,-47.5981616431309,-10.131510061937323,0.0,164.5,45.1844765690913,55.802338444444445,2584.6472565555555,1913.4143360000003,52.87931744444444,18.055921444444444,-11.999748666666665,-24.918523444444446,43.89486488888889,12.470731333333333,-12.418438555555555,15.339193555555557,4764.005633333335,0.26771944730814223,0.0
170,-81.64125888888888,-3.069907777777778,-80.93990544759181,-3.629726479024434,0.0,4.5,20.12512530698204,56.0971371111111,5429.257297444445,695.2102244444443,69.31175790123456,33.67051469135802,-18.93611728395062,11.46834,88.50102395061728,22.816485185185186,7.640568888888889,14.483845185185183,5267.483195555557,0.25279078174129493,0.0
171,-81.64125888888888,-3.069907777777778,-79.23532570939304,-4.931245021774512,0.0,14.5,33.14834443104034,56.18486333333334,5879.458036111111,557.9583258888889,78.00816733333333,38.92929711111111,-22.772544333333332,12.719970666666667,102.29093477777778,29.267904333333338,7.318494444444444,16.145814666666666,5267.483195555557,0.281797631270809,1.0
172,-81.64125888888888,-3.069907777777778,-77.13737621604506,-6.402789908300375,0.0,24.5,43.13194228312145,56.26421188888888,5879.845237444445,451.37970911111114,81.30835955555555,55.93031111111111,-26.40756988888889,13.36522611111111,107.486594,42.457738,7.033446888888889,21.95313988888889,5267.483195555557,0.383154570855293,1.0
173,-81.64125888888888,-3.069907777777778,-74.8476044345399,-7.367894695488877,0.0,34.5,51.79349332567286,56.29422866666666,5878.345014666667,569.9801881111111,54.48376988888888,44.90702544444444,-26.68331166666667,1.2908332222222225,77.6163441111111,35.58724744444444,6.460278,23.698305666666663,5267.483195555557,0.41361344772602593,0.0
174,-81.64125888888888,-3.069907777777778,-72.29122403278672,-8.213567602370446,0.0,44.5,65.03161796560316,60.638613222222226,6831.008810444444,524.8495736666666,82.79250699999999,51.13131777777778,-30.605664444444443,11.690071777777778,107.12725800000001,24.38115088888889,6.873870666666667,13.144263333333331,5267.483195555557,0.22614450946682102,0.0
175,-81.64125888888888,-3.069907777777778,-68.75768325009457,-7.354467471694198,0.0,54.5,65.8058551250314,58.609743888888886,6180.428578444444,546.4070324444444,44.81984333333333,-21.36877688888889,-41.55152144444444,-38.768782888888886,80.45215033333332,-5.990932888888888,8.466595444444446,7.502887444444444,5267.483195555557,-0.019859749606045217,0.0
176,-81.64125888888888,-3.069907777777778,-65.1485212764365,-5.348931041403792,0.0,64.5,59.228642805743256,56.281263555555554,5024.316637555556,540.2090492222221,14.479684777777777,32.27457622222222,-33.359294444444444,-13.549412111111113,45.899866333333335,23.889020555555554,10.006285444444446,22.950331555555557,5267.483195555557,0.4005588594901308,0.0
177,-81.64125888888888,-3.069907777777778,-61.12299647924284,-5.775041336074472,0.0,74.5,50.31242543425073,56.11509411111111,4741.756491666668,1733.0801256666668,-1.6577808888888874,58.21417466666668,-52.49659100000001,1.4528679999999996,48.94139333333334,30.129107222222224,10.027557555555555,33.63787211111111,5267.483195555557,0.5870916335575374,0.0
178,-81.64125888888888,-3.069907777777778,-56.39948827947658,-6.905836659262819,0.0,84.5,44.20603159059838,56.10592766666667,3765.933459888889,1688.57378,22.16209466666667,57.577669111111106,-54.313882666666665,9.161002111111111,74.89426288888889,26.50341377777778,8.485858555555556,28.57357955555556,5267.483195555557,0.4987030410278847,0.0
179,-81.64125888888888,-3.069907777777778,-52.349518781779764,-8.251651524113354,0.0,94.5,45.913346105032176,56.173941777777785,2125.370819888889,1621.7384960000002,56.78454822222223,71.53457766666666,-37.855188,4.91696111111111,92.76187788888889,44.54675977777778,6.233428666666666,26.956544666666662,5267.483195555557,0.47048045221891427,0.0
180,-81.64125888888888,-3.069907777777778,-48.252312507378726,-9.178815489675262,0.0,104.5,51.404179332683576,56.321653111111104,2414.1203756666664,1628.6164456666666,41.158316777777785,84.33136444444446,-55.35497455555556,8.012351333333333,92.8059878888889,33.544659555555555,6.314081222222223,20.442585777777772,5267.483195555557,0.3567904233176646,0.0
181,-81.64125888888888,-3.069907777777778,-44.46650841516615,-9.434657525742233,0.0,114.5,60.99633487334877,56.24508055555556,2048.0687543333333,1474.9361363333333,51.743889,0.8194686666666662,-20.48114122222222,-16.55970511111111,71.79861966666667,-65.24938166666666,7.8679380000000005,44.43388011111111,5267.483195555557,-0.7367637462639557,0.0
182,-81.64125888888888,-3.069907777777778,-43.87676942183857,-9.092383131057469,0.0,124.5,53.73866184440641,55.99696922222222,1701.4237337777777,1176.8744243333335,30.64686477777778,-11.884037333333334,-0.4764136666666666,12.520165222222222,33.63155844444445,-41.62046866666667,8.786457222222221,48.541446111111114,5267.483195555557,-0.8472080611620086,0.0
183,-81.64125888888888,-3.069907777777778,-45.13703310528412,-9.384780410896775,0.0,134.5,47.40099522980076,56.14135433333333,1899.9351847777775,959.6524038888889,1.5673248888888878,39.517039000000004,25.546799,-6.211999666666666,-27.371725666666663,-1.1834096666666674,11.189443444444446,29.099032111111114,5267.483195555557,-0.5078739309102364,0.0
184,-81.64125888888888,-3.069907777777778,-47.148117053821395,-9.02834754626458,0.0,144.5,48.99086698460613,56.218086333333325,2318.8608606666667,1139.8204822222222,49.27210311111112,53.092768666666665,16.074356333333334,12.625698111111111,30.610765777777782,2.713999444444444,13.414266777777778,3.706307888888889,5267.483195555557,0.00670184164285006,1.0
185,-81.64125888888888,-3.069907777777778,-47.89083687079994,-8.37893735503968,0.0,154.5,50.19292187117948,56.09186433333333,2660.652147222222,1597.1235756666667,47.324313777777775,44.92074633333333,4.543345333333334,-25.765747222222224,37.10060911111111,21.58442688888889,12.989764,29.614914444444445,5267.483195555557,0.5168773503833073,1.0
186,-81.64125888888888,-3.069907777777778,-47.48599494459053,-5.729213865894633,0.0,164.5,54.75201582577697,55.95536633333332,3087.482160777778,1411.822352444444,44.14228266666665,40.86444211111112,0.24706655555555565,-27.931449444444446,40.62522422222223,32.22528,13.86243311111111,37.926622222222214,5267.483195555557,0.6619444352989702,0.0
187,-80.40799333333334,1.2380644444444442,-79.70384982446453,0.6775316810727767,0.0,4.5,25.681336463197425,56.06708311111112,5645.133546111111,203.25156077777774,50.072173456790125,54.16900098765432,-21.229992962962964,4.407739135802469,71.8427824691358,50.57718925925926,27.565102000000003,35.25552209876543,5771.75461888889,0.6153249402786014,1.0
188,-80.40799333333334,1.2380644444444442,-78.00165002338066,-0.6229964442052994,0.0,14.5,41.327448670116766,56.028811555555556,4645.350710666667,93.95377255555556,69.369344,51.20171711111111,-18.00065066666667,6.095105777777778,92.22057755555555,44.153843555555554,12.814194888888888,31.78030244444444,5771.75461888889,0.3849769029882895,0.0
189,-80.40799333333334,1.2380644444444442,-75.92560734581413,-2.087807630201674,0.0,24.5,48.85238066850842,55.93150555555555,3248.2071730000002,76.92258277777779,72.60673777777778,79.34958766666666,-18.737121555555554,6.412456888888888,97.85277977777778,67.43192444444443,4.635377555555555,35.72365611111111,5771.75461888889,0.5551040359537709,0.0
190,-80.40799333333334,1.2380644444444442,-73.67639703501644,-3.0413768596174906,0.0,34.5,57.14429766153531,56.07067911111112,4360.704107,116.10822511111112,53.58074355555556,40.545181,-16.274543666666666,-5.344824333333334,75.20765122222221,32.17223044444444,6.383149,30.434198777777784,5771.75461888889,0.3851119975506922,0.0
191,-80.40799333333334,1.2380644444444442,-71.10254097005549,-3.8913310440962134,0.0,44.5,66.99941691271961,60.415164555555556,6977.414867444444,61.450308777777785,68.2231101111111,71.0037661111111,-31.57492255555556,1.4018267777777778,100.19498855555555,52.88539899999999,22.351163777777778,30.301986999999997,5771.75461888889,0.4782818366631136,0.0
192,-80.40799333333334,1.2380644444444442,-67.44008942338813,-3.0700610064024203,0.0,54.5,64.97092551580872,57.72504944444445,4657.207520999999,106.51069366666665,46.99535977777777,-17.195576555555558,-39.779628555555554,-37.411138888888885,82.82239844444445,-2.0138659999999997,10.906672333333335,19.897930555555554,5771.75461888889,0.0071754892490612735,0.0
193,-80.40799333333334,1.2380644444444442,-63.72997235773322,-1.0976014710204163,0.0,64.5,58.42232287072336,56.07654844444444,3898.7168201111112,98.03797733333333,4.556853111111112,27.633693,-28.407547333333333,-22.846964444444446,34.18552944444445,37.78621777777778,27.987366444444444,47.651411,5771.75461888889,0.4385803242474252,0.0
194,-80.40799333333334,1.2380644444444442,-59.747415598915,-1.509545000142122,0.0,74.5,50.61705624202982,56.110384222222216,5126.328837444444,1234.0282471111109,-15.022351333333333,54.01734922222222,-48.91212077777777,-15.670959111111111,41.666956777777784,44.93345544444445,29.22246611111111,47.87958577777778,5771.75461888889,0.7696843028495882,0.0
195,-80.40799333333334,1.2380644444444442,-55.14430349889917,-2.603374019207267,0.0,84.5,48.02115914394292,56.10971311111113,4268.237677888888,1285.362514,7.151844666666667,62.46692011111111,-52.17398355555556,-8.807020555555557,66.33129911111112,50.516496000000004,27.656240666666662,41.097094999999996,5771.75461888889,0.7172796244124238,0.0
196,-80.40799333333334,1.2380644444444442,-51.27357552682997,-3.9003963713968526,0.0,94.5,46.28296934647479,56.15624188888889,2630.709362444444,1126.3740548888886,32.53483522222222,86.58863822222222,-35.935136,-7.713067777777778,76.44895344444443,73.5740951111111,25.667254000000003,45.124225,5771.75461888889,0.7875663040014407,0.0
197,-80.40799333333334,1.2380644444444442,-47.15873394716984,-4.831543330852767,0.0,104.5,46.58008125699676,56.30942155555556,2920.823044777778,1121.9137770000002,12.903741222222223,93.03936611111112,-56.638132,-11.179026444444442,82.8386606666667,63.554010666666656,25.507735444444442,37.99145733333334,5771.75461888889,0.6630760109849698,0.0
198,-80.40799333333334,1.2380644444444442,-43.2694467406223,-5.113877814555778,0.0,114.5,57.28826083898641,56.206764222222226,2553.9492972222224,969.055593,57.32467244444446,20.208340222222223,-14.602903000000001,-22.598601666666667,97.92502833333333,-34.93936633333333,27.38190222222222,26.06347922222222,5771.75461888889,-0.34255106658983875,0.0
199,-80.40799333333334,1.2380644444444442,-42.579371381876406,-4.8005014488874185,0.0,124.5,57.16462265265875,55.96917,2205.1232322222218,683.0991668888889,34.224383555555555,-0.5439113333333339,-5.970928888888888,11.240856555555553,46.54057011111111,-27.46576977777778,28.23391144444445,28.526176999999997,5771.75461888889,-0.4900252507800449,0.0
200,-80.40799333333334,1.2380644444444442,-43.61699430229858,-5.1660599391076465,0.0,134.5,52.67267549219491,56.118665,2398.712179,460.8754097777778,-10.27623488888889,37.92915477777778,22.751788000000005,1.776876111111111,-19.784747888888887,-8.718176555555555,30.248602999999992,16.990478777777778,5771.75461888889,-0.15020127040151202,0.0
201,-80.40799333333334,1.2380644444444442,-45.49616522517164,-4.85808428521158,0.0,144.5,54.826807462699506,56.18400533333333,2824.5239101111115,634.1574328888888,32.97853888888889,67.76905922222224,11.433603,17.52451044444445,33.20826677777778,14.408088333333334,33.595724000000004,19.76971288888889,5771.75461888889,0.33873809657379816,0.0
202,-80.40799333333334,1.2380644444444442,-46.254347655209706,-4.20346407956716,0.0,154.5,57.06773276892409,56.086071555555556,3165.319265,1092.4564568888889,33.83817366666667,59.12680944444444,12.117263333333334,-22.713357000000002,35.15767799999999,34.558148777777774,32.757510555555555,43.890931333333334,5771.75461888889,0.766041251159635,0.0
203,-80.40799333333334,1.2380644444444442,-45.788983800835965,-1.5803969560332995,0.0,164.5,63.13181950254383,55.96806233333333,3591.0206699999994,908.2838434444445,31.577863111111107,54.05748222222222,9.644309444444442,-25.998615666666666,33.38865144444444,45.300523777777784,33.65965666666666,52.98420777777777,5771.75461888889,0.9247488719225174,0.0
204,-78.89682500000002,3.538845000000001,-78.19223961765731,2.977728941008197,0.0,4.5,39.42655443115376,55.3603965,3070.2255224999994,41.178235,36.00690111111111,63.37992222222221,-17.817965555555556,1.1643261111111112,58.162085,64.22237944444444,39.2242645,47.686595,6079.678775000001,0.8322881028790037,0.0
205,-78.89682500000002,3.538845000000001,-76.49345510792412,1.679085204711226,0.0,14.5,55.33453510991237,55.6050755,83.353728,49.994926,107.8331315,54.84521149999999,1.0675270000000001,7.015285499999999,119.141658,36.919053,-13.8281455,30.183064999999992,6079.678775000001,0.28541735371724164,1.0
206,-78.89682500000002,3.538845000000001,-74.43096745373416,0.22329236568233096,0.0,24.5,59.337902831414354,55.592547,86.1660475,86.1660475,114.1706945,42.57198799999999,-0.4966175,7.121851500000001,130.6900735,17.027645,-27.751681500000007,15.330986000000001,6079.678775000001,0.06240205351968372,0.0
207,-78.89682500000002,3.538845000000001,-72.20432070433303,-0.71543474426974,0.0,34.5,65.08124030744467,55.60094300000001,55.60094300000001,55.60094300000001,74.90457,0.5083940000000002,4.508304,-3.617111,88.47247600000001,-20.920121,-29.678288999999996,14.476590000000002,6079.678775000001,-0.2526641579375385,0.0
208,-78.89682500000002,3.538845000000001,-69.62174887005574,-1.570288838550489,0.0,44.5,70.21266549345866,56.571419000000006,1520.833931,43.034233,94.447335,-7.969845999999999,5.496868,4.857528,100.609299,-41.788235,-25.77760300000001,32.553956,6079.678775000001,-0.364521608067487,1.0
209,-78.89682500000002,3.538845000000001,-65.89028155438469,-0.7951071600551045,0.0,54.5,65.99032271111587,56.083249,838.1375459999999,32.704561,29.607343000000004,-39.336759,-58.523655999999995,-9.444345,72.728288,-47.26471,-20.602690000000003,35.891369000000005,6079.678775000001,-0.5446543579300015,1.0
210,-78.89682500000002,3.538845000000001,-62.12482760721542,1.137942107033226,0.0,64.5,59.49019286445124,55.420697000000004,186.0679065,186.0679065,-11.045293,1.722673499999999,-26.0901095,-25.144564,6.680911999999999,35.151203499999994,35.460753999999994,75.01493450000001,6079.678775000001,-0.20667218978331992,0.0
211,-78.89682500000002,3.538845000000001,-58.16540909734594,0.7424433717733359,0.0,74.5,53.75444928941006,55.8699255,5016.179296,965.6921814999998,-25.318636,44.7317335,-43.9051425,-26.141437500000002,31.242248,50.3160575,41.884873999999996,58.41315199999999,6079.678775000001,0.7379908536768031,0.0
212,-78.89682500000002,3.538845000000001,-53.62717611921762,-0.307034664242277,0.0,84.5,49.57117546838571,55.932135,4576.6310705,976.9691225,-3.3681790000000023,63.068008,-48.0205925,-20.01353,56.90644050000001,64.2951235,40.2096555,49.86592949999999,6079.678775000001,0.8703246378977623,0.0
213,-78.89682500000002,3.538845000000001,-49.853097605865116,-1.542147562341045,0.0,94.5,42.00292405838436,55.96220249999999,2939.3398895,817.7435270000001,15.044979000000001,92.2157425,-32.781,-15.3058065,61.6564525,88.993022,38.029306500000004,56.52706599999999,6079.678775000001,0.9865834038082506,0.0
214,-78.89682500000002,3.538845000000001,-45.72921684217337,-2.4779800586978786,0.0,104.5,37.91731288462784,56.122904500000004,3230.2727124999997,812.464108,-6.472318,94.256828,-54.353099,-23.448833500000003,71.53330100000001,80.79306749999999,37.98022,49.086504500000004,6079.678775000001,0.8567211346107282,0.0
215,-78.89682500000002,3.538845000000001,-41.784735609530294,-2.7940616727528766,0.0,114.5,48.02880666543272,56.0174495,2862.8588685,660.1460219999999,57.453096499999994,32.62313949999999,-9.980752,-25.351681000000003,109.15448499999998,-12.642643500000002,39.793414500000004,17.597362,6079.678775000001,-0.1088870696416993,0.0
216,-78.89682500000002,3.538845000000001,-41.04149316698661,-2.5158033294292403,0.0,124.5,51.985651241894494,55.7981765,2512.7642289999994,375.4581695,34.483148,7.1237345,-9.215529,9.648332,52.3615505,-16.533096499999996,40.957303,17.241213000000002,6079.678775000001,-0.2631189534578806,0.0
217,-78.89682500000002,3.538845000000001,-41.96322592734343,-2.9635103051702223,0.0,134.5,50.00534709693074,55.947646000000006,2682.497216,177.090372,-17.1679915,35.519268,19.892436,6.215364499999999,-14.231883,-11.909832,42.14164649999999,19.8773435,6079.678775000001,0.08568842393647576,1.0
218,-78.89682500000002,3.538845000000001,-43.77428297543648,-2.7077965060699145,0.0,144.5,56.242477103531016,55.996939999999995,3133.3190364999996,325.36230549999993,20.798039499999998,73.947762,7.850751,19.7313015,32.8726245,21.651121,46.08877149999999,30.433713,6079.678775000001,0.5311684598789712,0.0
219,-78.89682500000002,3.538845000000001,-44.53982719737203,-2.0482324556688285,0.0,154.5,61.421173503897194,55.852411499999995,3473.5272000000004,784.248522,23.281463,65.67225599999999,16.317687999999997,-19.7024905,31.813968000000006,41.9515625,45.219854999999995,52.4582725,6079.678775000001,0.9155695963368169,0.0
220,-78.89682500000002,3.538845000000001,-44.04050942622035,0.5451462068203294,0.0,164.5,66.71177833593295,55.766119,3898.604485,600.70003,21.6040925,60.20397849999999,15.151656500000001,-23.410245500000002,26.661710500000005,52.09251400000001,46.2799135,62.318214499999996,6079.678775000001,1.0876580123173085,1.0
